length,width,switch_length
100,20,102.06027499293375627
90,20,92.281681272438689234
78,20,80.619013563812018219
99,20,101.0804661468000063
102,20,104.02104618102566747
94,20,96.187657083815210513
